player,UW,EW,L,RL,PTS
Roman Ramirez,6,9,3,1,22
Rohan Chowla,8,4,4,1,21
Kevin Cooper,4,6,5,0,14
Levin Lee,4,4,3,0,12
Coby Lovelace,4,1,4,1,10
Jason Jackson,4,1,4,1,10
Jack Massingill,2,5,6,0,9
Leah Baetcke,3,0,4,2,8
Gabe Silverstein,2,2,4,0,6
Carla Betancourt,2,1,2,0,5
Will Simpson,1,3,4,0,5
Aaron Carter,1,3,6,0,5
Rose Roché,1,2,6,0,4
Helen Dunn,1,0,1,1,3
Noah Dale,1,0,1,1,3
Kristian Banlaoi,1,0,2,0,2
Reagan Fryatt,0,2,2,0,2
Ann Hall,0,1,3,1,2
Cason Duszak,0,1,2,0,1
Anna Brown,0,1,2,0,1
Yvonne Nguyen,0,0,2,0,0
Brian Tafazoli,0,0,2,0,0
Evan Sooklal,0,0,4,0,0
Paul Bartenfeld,0,0,6,0,0
